"Site","average Ka Score"
216,-0.0532990662988621
217,-0.0122347598625852
218,0.0914334306108959
219,-0.00264489963323569
220,-0.0534030184374884
221,-0.0132628007920284
222,0.0670067565862727
223,-0.0490926674131589
224,0.0262840112622633
225,-0.0405559688040056
226,0.056008207520111
227,0.0245459429644627
228,0.0270869198066885
229,0.25732200433535
230,0.257705081619058
231,0.160264572385228
232,0.391248186002677
233,0.329937869224975
234,0.218649052962567
235,0.236648502080164
236,0.228473090359875
237,0.21025250839652
238,0.438785708361063
239,0.324128222363732
240,-0.036692997974139
241,0.150767312745694
242,-0.59103994376881
243,0.146291779596451
244,-0.0784614351164552
245,0.0398086837579838
246,-0.0376551125972221
247,-0.0185009097020515
248,0.0684016838552996
249,0.0450088526097505
250,0.195947371790946
251,0.129423258271852
252,0.0739763657427087
253,0.00385395515851486
254,-0.029125873886612
255,-0.0417622635662053
256,-0.0258153162879519
257,0.197642654464336
258,-0.00931473538206575
259,-0.0526185468545985
260,0.0148515675434364
261,0.0418868925208739
262,0.163027233734537
263,0.173515683084726
264,0.28541720805034
265,0.161549508344194
266,0.193822082841822
267,0.457763667884432
268,0.303003992861892
269,0.306548493614675
270,0.326208023850044
271,0.168495243426233
272,0.113465873259059
273,0.602747671263182
274,-0.0332413432982452
275,-0.0640620654885341
276,-0.00333729241512244
277,0.108193128296735
278,0.0691829910371364
279,0.0556071828708874
280,0.0424122750300601
281,-0.0380051643972411
282,-0.0440279583081341
283,0.0539804908176859
284,0.0380393055818633
285,0.0368300033005448
286,0.00286347406191065
287,-0.0130736154040098
288,-0.0184991770953394
289,-0.0198548712972356
290,-0.0646734938443237
291,0.0347979603832601
292,-0.101700383450114
293,0.0433317786476269
294,0.190516090960831
295,0.0444852723260466
296,0.292814152755105
297,0.141797082273098
298,0.203775299611803
299,0.177105544991022
300,0.0773062748176743
301,0.145572112980303
302,0.021766053708824
303,0.150990342787796
304,-0.00231327121929553
305,0.00630763696814975
306,0.0311223048066013
307,-0.00968210914092514
308,0.0210986105840711
309,-0.028790981992889
310,0.118152583849132
311,-0.0266908951612199
312,-0.0517970538318005
313,0.0576748367046718
314,0.200325334351378
315,-0.0346798183148677
316,0.0176624385367396
317,-0.0445307601125936
318,-0.0244634020889707
319,-0.00135774132658779
320,-0.00634252726844376
321,0.0348533258792863
322,0.119263352825623
323,0.241148267728687
324,-0.00764881961403838
325,0.386674672394138
326,0.0473624355375448
327,0.428485448259309
328,0.638632894444003
329,0.175213049378375
330,-0.0725149866129821
331,0.329359481462888
332,0.00241362885261232
333,0.0482112041245765
334,-0.145189165871242
335,-0.0291190278100816
336,-0.167044638142596
337,0.022328530077157
338,0.0468740605762873
339,0.0379530618010696
340,-0.0107687922845131
341,0.451482089594757
342,-0.00500309389312577
343,0.12412072236368
344,-0.0132301984375521
345,0.0662374234805378
346,0.0827135780657105
347,0.0181979355230163
348,0.108423153047321
349,0.0402239459949991
350,-0.0389391120383894
351,0.0182167765718205
352,-0.0142521158802375
353,-0.00343314132684927
354,-0.0276326999706531
355,-0.0364834618388183
356,0.0430549042044807
357,0.0441121363270812
358,-0.000922586216090403
359,0.00521083595270026
360,-0.0490171543523146
361,0.0435664694955912
362,-0.0240706898075601
363,0.0104352505408549
364,0.0939834292799795
365,-0.0488708240230505
366,0.0530688656774549
367,-0.0360351179660532
368,0.0254365911686783
369,-0.00857918030546159
370,0.0350704354320939
371,0.00193103007829433
372,0.0743527420646995
373,0.231615775505384
374,0.0673098398777873
375,-0.0464020700952115
376,-7.33639611794302e-05
377,-0.0169128709791661
378,-0.0368375549060655
379,0.00057264863492539
380,0.0156993828069421
381,-0.0113106228581672
382,-0.0526698420384752
383,0.000218920755303761
384,-0.0307521710568167
385,0.0083886956467722
386,-0.0357150216130905
387,-0.0392679325686417
388,-0.101819719177004
389,-0.00842918306098933
390,0.00894481817527008
391,-0.0348844130899182
392,-0.00186239689702358
393,0.0101394733960952
394,0.0213375841727411
395,-0.00905111102918995
396,-0.0549795734523351
397,-0.0519073115703847
398,0.00797116923404906
399,-0.0337940035855836
400,0.00738645113798934
401,0.0107315928590065
402,0.00747395229069436
403,0.0864978671075952
404,-0.0131976581877919
405,0.0131506843077863
406,0.0443093817372643
407,0.0838066274946985
408,-0.0222590476043853
409,-0.0985709468105304
410,-0.0356945336783478
411,-0.0132713146516932
412,-0.00875445907283732
413,0.0644970828660517
414,-0.0274287842440026
415,0.0604517414075696
416,-0.087987023066485
417,0.00564267891339757
418,0.0549073560486747
419,0.021341241098971
420,-0.0147177998429006
421,-0.040844394698015
422,-0.00117889109409215
423,0.0042169046008717
424,0.0172541185187369
425,-0.0198957671583142
426,0.00889591774539273
427,0.0571620417486968
428,0.00447632521745656
429,0.297596431250305
430,0.0567400468932712
431,NA
432,0.0772404224698858
433,-0.0512936089008299
434,0.0629355412013685
435,0.202912188062283
436,0.0308603284227891
437,-0.015098963785094
438,-0.0290657998200137
439,-0.0319253459244078
440,0.00417375374763015
441,0.000720667782858573
442,-0.00415301232463362
443,-0.030476791825909
444,-0.0217812962674352
445,0.00402935447604194
446,0.0156096419755162
447,-0.0200563710619368
