"Site","Total Escape Score"
216,2.06452911496062
217,1.82453914850753
218,2.82504104739176
219,1.99536805596611
220,1.66709206786353
221,1.66408229087529
222,2.21813670573016
223,1.54251124987542
224,1.6266631916241
225,1.50013482380705
226,3.30385936893007
227,1.49496396024693
228,1.99433094120518
229,8.94185641686281
230,2.57541175040887
231,2.00302119222193
232,3.83840196395514
233,13.8806630786574
234,9.05915916703461
235,9.06195350504219
236,12.54461502236
237,10.7429623652164
238,7.43746941787948
239,5.42739265872118
240,5.55063138587551
241,8.87496573973941
242,0.0420847686742086
243,5.81383074635097
244,1.91210308397128
245,3.72815743010163
246,1.89190389622373
247,1.50563936830437
248,2.04581812493567
249,2.16136269613511
250,2.3982115134751
251,5.3149107680225
252,2.83888569251708
253,2.04911026141323
254,2.01366799826905
255,1.46241411806508
256,1.96485146948501
257,9.08593329346798
258,1.56948888530314
259,2.62310795556052
260,2.51708225450712
261,3.86518453715578
262,6.5986862107539
263,9.26525368064569
264,8.49485272415857
265,15.8472588650803
266,11.5195725119112
267,7.30991730851326
268,3.38983922381065
269,12.4804472464971
270,14.9435979890655
271,4.2764592471162
272,4.28794764305968
273,2.97431288362802
274,2.0705208195223
275,2.53915486435755
276,2.84883999836484
277,4.08115637224529
278,2.7765458246257
279,2.51136845222338
280,2.16029741998858
281,1.79454024719239
282,1.81260903292761
283,1.86323918132769
284,1.79659324544741
285,1.88501936219839
286,1.9535585024431
287,1.74244942545364
288,2.2139516409276
289,4.3987910912064
290,1.79777170766337
291,3.16476005650256
292,8.64788287066291
293,3.57001873799374
294,4.11656846276463
295,9.15014564805375
296,5.50816687313697
297,16.0269813782424
298,10.5692980711944
299,14.8284258518671
300,5.5253541143094
301,5.26619200839708
302,3.60836430117301
303,3.16219233818055
304,8.5750252876486
305,1.60239194138849
306,2.44062558634588
307,1.68562891499474
308,2.74803191033728
309,1.82204660042158
310,3.38224092495347
311,1.54238286903056
312,1.61196356997444
313,4.77572636621979
314,5.43597733781261
315,1.62422698081359
316,2.38796216643167
317,2.28589607177681
318,1.80545137211527
319,2.18655302030661
320,2.02863584069289
321,2.557333510102
322,2.03924305581786
323,4.96315018134914
324,4.12456553623803
325,8.80636187664976
326,1.57918013361554
327,10.510293186963
328,4.63681272568924
329,16.7143938352257
330,7.92762765736904
331,3.46835782785003
332,3.67338437632774
333,3.04775230869036
334,1.71444264298622
335,2.14499638050861
336,3.93761360184856
337,1.95824236695315
338,2.78803640012614
339,1.85022165302777
340,1.78330177049958
341,1.69823972667297
342,1.98946182253054
343,2.01755101911021
344,2.29767864890747
345,2.44413199227033
346,5.60878516281764
347,2.46674564083723
348,4.15836929480747
349,3.02865562956775
350,1.59806652692865
351,1.64682842857046
352,1.48609779256461
353,1.59656211749009
354,1.75757365367428
355,2.01810107643451
356,1.96844499389985
357,2.47028599799843
358,1.55330949146266
359,1.74194972685223
360,1.68647783824116
361,2.09253533929951
362,1.76654703940782
363,2.02468225078582
364,3.73170697132912
365,1.75946046873913
366,2.47731959076341
367,2.84120849462181
368,1.70138319142719
369,3.72073704414651
370,2.07320193638818
371,2.01672196007081
372,1.62321827569329
373,4.16230856210866
374,1.59323220044551
375,2.06107978816559
376,2.90112082860836
377,1.64469459856019
378,1.82062006411307
379,2.04104551269675
380,2.0475676328752
381,8.30081849106588
382,2.27414761600151
383,1.52611402007992
384,1.94021234156445
385,2.18132572359496
386,2.06373195482231
387,2.07229523033129
388,1.71574932259325
389,1.87039444602053
390,1.93116022291917
391,1.75598431765548
392,2.10960627601333
393,1.97966351538851
394,1.66241010637259
395,2.07593017392235
396,1.38295877415302
397,1.54575553326341
398,1.31201722494132
399,1.7141873718559
400,1.76321443214018
401,2.03552682580091
402,1.56607157352044
403,1.82736225802343
404,1.14295583191256
405,3.29561812201902
406,3.72320246772332
407,4.26331635811589
408,1.98709763975007
409,2.32196570636966
410,2.72360499565568
411,2.08096098002445
412,2.13201407523198
413,2.3279851198843
414,1.71121498890438
415,2.1491558267198
416,1.78400594753826
417,2.18203976892663
418,1.73782970845536
419,1.97551535214363
420,1.68010455688708
421,2.02696943820187
422,1.80478347164567
423,2.04151809832512
424,2.15658794355054
425,3.29160531100111
426,2.37313077549587
427,3.89081270843019
428,1.96460843240542
429,10.2688293546968
430,2.01522867185578
431,0
432,2.03622714641452
433,1.75194285594927
434,1.75220304401885
435,4.19024951819856
436,2.43477005225181
437,1.82782562875672
438,1.73306266937273
439,1.86213786840868
440,1.86070673042981
441,1.83288608167544
442,1.84214441443101
443,1.77159502463846
444,1.99858619877508
445,1.70035206686331
446,1.8525657673355
447,1.63028492834844
